"","x"
"1","BA FN4 002 07-15.jpg"
"2","BA FN4 003 07-15.jpg"
"3","BH FN3  008 06-28.jpg"
"4","BH shock 003 06-06.jpg"
"5","BH shock 007 06-06.jpg"
"6","CR FN1 002 07-15.jpg"
"7","CR FN1 008 07-15.jpg"
"8","CR FN1 009 07-15.jpg"
"9","CR FN1 011 07-15.jpg"
"10","CR FN7 004 07-15.jpg"
"11","CR FN9 002 07-15.jpg"
"12","CR FN9 003 07-15.jpg"
"13","CR FN9 004 07-15.jpg"
"14","FD shock 003 07-31.jpg"
"15","FD shock 005 07-31.jpg"
"16","FD shock 007 07-31.jpg"
"17","FD shock 008 07-31.jpg"
"18","FD shock 009 07-31.jpg"
"19","FD shock 011 07-31.jpg"
"20","FD shock 012 07-31.jpg"
"21","FD shock 014 07-31.jpg"
"22","FD shock 015 07-31.jpg"
"23","FD shock 016 07-31.jpg"
"24","FD shock 019 07-31.jpg"
"25","FD shock 022 07-31.jpg"
"26","FD shock 024 07-31.jpg"
"27","FD shock 026 07-31.jpg"
"28","FD shock 027 07-31.jpg"
"29","FD shock 029 07-31.jpg"
"30","HB AN 001 07-10.jpg"
"31","HB AN 002 07-10.jpg"
"32","HB AN 003 07-10.jpg"
"33","HB AN 004 07-10.jpg"
"34","HB AN 007 07-10.jpg"
"35","HB AN 008 07-10.jpg"
"36","HB AN 009 07-10.jpg"
"37","HB AN 010 07-10.jpg"
"38","HB AN 011 07-10.jpg"
"39","HB FN3 001 07-08.jpg"
"40","HB FN9 002 07-08.jpg"
"41","LC shock 001 07-17.jpg"
"42","LC shock 001 07-18.jpg"
"43","LC shock 004 07-17.jpg"
"44","LC shock 006 07-17.jpg"
"45","LC shock 008 07-17.jpg"
"46","LC shock 012 07-17.jpg"
"47","LC shock 013 07-17.jpg"
"48","LC shock 017 07-17.jpg"
"49","LC shock 019 07-17.jpg"
"50","LC shock 021 07-17.jpg"
"51","LC shock 026 07-17.jpg"
"52","LC shock 029 07-17.jpg"
"53","LT shock 001 07-25.jpg"
"54","LT shock 002 07-25.jpg"
"55","LT shock 003 07-25.jpg"
"56","LT shock 004 07-25.jpg"
"57","LT shock 005 07-25.jpg"
"58","LT shock 012 07-25.jpg"
"59","LT shock 014 07-25.jpg"
"60","MC FN7  011 06-29.jpg"
"61","MC FN7 001 06-29.jpg"
"62","MC FN7 003 06-29.jpg"
"63","MC FN7 005 06-29.jpg"
"64","MC FN7 006 06-29.jpg"
"65","MC FN7 007 06-29.jpg"
"66","MC FN7 009 06-29.jpg"
"67","MC FN7 010 06-29.jpg"
"68","MC FN7 014 06-29.jpg"
"69","MC FN8 002 06-29.jpg"
"70","MC FN8 003 06-29.jpg"
"71","MC FN8 004 06-29.jpg"
"72","MC FN8 005 06-29.jpg"
"73","MC FN8 006 06-29.jpg"
"74","MC FN8 007 06-29.jpg"
"75","MC FN8 008 06-29.jpg"
"76","MC FN8 015 06-29.jpg"
"77","MK shock  011 07-31.jpg"
"78","MK shock 001 07-26.jpg"
"79","MK shock 001 07-31.jpg"
"80","MK shock 003 07-31.jpg"
"81","MK shock 005 07-26.jpg"
"82","MK shock 005 07-31.jpg"
"83","MK shock 006 07-31.jpg"
"84","MK shock 007 07-31.jpg"
"85","MK shock 009 07-31.jpg"
"86","MK shock 013 07-31.jpg"
"87","MK shock 014 07-31.jpg"
"88","MK shock 015 07-26.jpg"
"89","OB FN 001 06-07.jpg"
"90","OB FN 002 06-07.jpg"
"91","OB FN 004 06-07.jpg"
"92","OB FN 005 06-07.jpg"
"93","OB FN 006 06-07.jpg"
"94","OB FN 007 06-07.jpg"
"95","OB FN 008 06-07.jpg"
"96","OB FN 011 06-07.jpg"
"97","OB FN 012 06-07.jpg"
"98","OB FN 014 06-07.jpg"
"99","OB FN 015 06-07.jpg"
"100","OB shock 001 07-11.jpg"
"101","OB shock 002 07-11.jpg"
"102","OB shock 003 07-11.jpg"
"103","OB shock 005 07-11.jpg"
"104","OB shock 006 07-11.jpg"
"105","OB shock 008 07-11.jpg"
"106","OB shock 010 07-11.jpg"
"107","OB shock 012 07-11.jpg"
"108","OB shock 014 07-11.jpg"
"109","PS FN 001 06-14.jpg"
"110","PS FN 002 06-14.jpg"
"111","PS FN 003 06-14.jpg"
"112","PS FN 005 06-14.jpg"
"113","PS FN 007 06-14.jpg"
"114","PS FN 008 06-14.jpg"
"115","PS FN 010 06-14.jpg"
"116","PS FN 012 06-14.jpg"
"117","PS FN 013 06-14.jpg"
"118","PS FN 014 06-14.jpg"
"119","PS FN 018 06-14.jpg"
"120","PS FN 019 06-14.jpg"
"121","PS FN 024 06-14.jpg"
"122","PS FN 027 06-14.jpg"
"123","RS FN4 001 07-19.jpg"
"124","RS FN4 007 07-19.jpg"
"125","RS FN4 008 07-19.jpg"
"126","RS FN4 009 07-19.jpg"
"127","RS FN4 010 07-19.jpg"
"128","RS FN4 011 07-19.jpg"
"129","RS FN4 012 07-19.jpg"
"130","RS FN4 013 07-19.jpg"
"131","RS FN4(2) 002 07-20.jpg"
"132","RS FN5 002 07-21.jpg"
"133","RS FN8 001 07-20.jpg"
"134","RS FN8 002 07-20.jpg"
"135","SQ FN3 001 06-13.jpg"
"136","SQ FN3 002 06-13.jpg"
"137","SQ FN9 003 06-20.jpg"
"138","SQ FN9 004 06-20.jpg"
"139","SQ FN9 005 06-20.jpg"
"140","SQ FN9 008 06-20.jpg"
"141","SQ FN9 011 06-20.jpg"
"142","SQ FN9 012 06-20.jpg"
"143","SQ FN9 014 06-20.jpg"
"144","SQ FN9 017 06-20.jpg"
"145","SQ FN9 020 06-20.jpg"
"146","SQ FN9 021 06-20.jpg"
"147","SQ FN9 022 06-20.jpg"
"148","SQ FN9 024 06-20.jpg"
"149","TO FN1 001 06-05.jpg"
"150","TO FN1 003 06-05.jpg"
"151","TO FN1 004 06-05.jpg"
"152","TO FN1 006 06-05.jpg"
"153","TO FN1 007 06-05.jpg"
"154","TO FN1 008 06-05.jpg"
"155","TO FN1 010 06-05.jpg"
"156","TO FN1 012 06-05.jpg"
"157","TO FN1 013 06-05.jpg"
"158","TO FN1 014 06-05.jpg"
"159","TO shock 002 07-18.jpg"
"160","TO shock 006 07-18.jpg"
"161","TO shock 008 07-18.jpg"
"162","TO shock 010 07-18.jpg"
"163","TO shock 012 07-18.jpg"
"164","TO shock 013 07-18.jpg"
